elsosorelsortek;Never Gonna Give You Up;elsosorhardamikrtek;D:/Git/program/MemePlayerTerv/MemePlayerTerv/bin/Debug/Video/Rick.mp4
masodiksorelsotek;Never Gonna Give You Up;masodiksorharmdikrtek;D:/Git/program/MemePlayerTerv/MemePlayerTerv/bin/Debug/Video/Rick.mp4
aaaasd;Never Gonna Give You Up;Riaaack;D:/Git/program/MemePlayerTerv/MemePlayerTerv/bin/Debug/Video/Rick.mp4
bela;Never Gonna Give You Up;asd_media;D:/Git/program/MemePlayerTerv/MemePlayerTerv/bin/Debug/Video/Rick.mp4
asd;Never Gonna Give You Up;Rick;D:/Git/program/MemePlayerTerv/MemePlayerTerv/bin/Debug/Video/Rick.mp4
bela;Never Gonna Give You Up;asd_media;D:/Git/program/MemePlayerTerv/MemePlayerTerv/bin/Debug/Video/Rick.mp4
elsosorelsortek;Never Gonna Give You Up;elsosorhardamikrtek;D:/Git/program/MemePlayerTerv/MemePlayerTerv/bin/Debug/Video/Rick.mp4
masodiksorelsotek;Never Gonna Give You Up;masodiksorharmdikrtek;D:/Git/program/MemePlayerTerv/MemePlayerTerv/bin/Debug/Video/Rick.mp4
aaaasd;Never Gonna Give You Up;Riaaack;D:/Git/program/MemePlayerTerv/MemePlayerTerv/bin/Debug/Video/Rick.mp4
bela;Never Gonna Give You Up;asd_media;D:/Git/program/MemePlayerTerv/MemePlayerTerv/bin/Debug/Video/Rick.mp4
utolso;Never Gonna Give You Up;Rick;D:/Git/program/MemePlayerTerv/MemePlayerTerv/bin/Debug/Video/Rick.mp4
elsosorelsortek;Never Gonna Give You Up;elsosorhardamikrtek;D:/Git/program/MemePlayerTerv/MemePlayerTerv/bin/Debug/Video/Rick.mp4
masodiksorelsotek;Never Gonna Give You Up;masodiksorharmdikrtek;D:/Git/program/MemePlayerTerv/MemePlayerTerv/bin/Debug/Video/Rick.mp4
aaaasd;Never Gonna Give You Up;Riaaack;D:/Git/program/MemePlayerTerv/MemePlayerTerv/bin/Debug/Video/Rick.mp4
bela;Never Gonna Give You Up;asd_media;D:/Git/program/MemePlayerTerv/MemePlayerTerv/bin/Debug/Video/Rick.mp4
asd;Never Gonna Give You Up;Rick;D:/Git/program/MemePlayerTerv/MemePlayerTerv/bin/Debug/Video/Rick.mp4
bela;Never Gonna Give You Up;asd_media;D:/Git/program/MemePlayerTerv/MemePlayerTerv/bin/Debug/Video/Rick.mp4
elsosorelsortek;Never Gonna Give You Up;elsosorhardamikrtek;D:/Git/program/MemePlayerTerv/MemePlayerTerv/bin/Debug/Video/Rick.mp4
masodiksorelsotek;Never Gonna Give You Up;masodiksorharmdikrtek;D:/Git/program/MemePlayerTerv/MemePlayerTerv/bin/Debug/Video/Rick.mp4
aaaasd;Never Gonna Give You Up;Riaaack;D:/Git/program/MemePlayerTerv/MemePlayerTerv/bin/Debug/Video/Rick.mp4
bela;Never Gonna Give You Up;asd_media;D:/Git/program/MemePlayerTerv/MemePlayerTerv/bin/Debug/Video/Rick.mp4
utolso;Never Gonna Give You Up;Rick;D:/Git/program/MemePlayerTerv/MemePlayerTerv/bin/Debug/Video/Rick.mp4


